user_number,face_id,tubeTypeIndex,pair_type,d
2,ID017,2,FaceLeft,1
2,ID017,2,FaceRight,5
2,ID017,1,FaceLeft,6
2,ID017,1,FaceRight,5
2,ID017,0,FaceLeft,0
2,ID017,0,FaceRight,2
2,ID017,3,FaceLeft,0
2,ID017,3,FaceRight,7
2,ID015,2,FaceLeft,2
2,ID015,2,FaceRight,7
2,ID015,0,FaceLeft,1
2,ID015,0,FaceRight,0
2,ID015,3,FaceRight,13
2,ID015,1,FaceLeft,4
2,ID015,1,FaceRight,3
3,ID015,3,FaceLeft,2
3,ID015,3,FaceRight,1
3,ID015,2,FaceLeft,1
3,ID015,2,FaceRight,2
3,ID015,1,FaceLeft,5
3,ID015,1,FaceRight,7
3,ID015,0,FaceLeft,5
3,ID015,0,FaceRight,4
3,ID017,1,FaceLeft,13
3,ID017,1,FaceRight,11
3,ID017,2,FaceLeft,11
3,ID017,2,FaceRight,10
3,ID017,0,FaceLeft,3
3,ID017,0,FaceRight,3
3,ID017,3,FaceRight,4
4,ID017,2,FaceLeft,1
4,ID017,2,FaceRight,1
4,ID017,0,FaceLeft,1
4,ID017,0,FaceRight,3
4,ID017,1,FaceLeft,3
4,ID017,1,FaceRight,1
4,ID017,3,FaceRight,4
4,ID015,2,FaceLeft,1
4,ID015,2,FaceRight,0
4,ID015,3,FaceLeft,3
4,ID015,3,FaceRight,9
4,ID015,1,FaceLeft,4
4,ID015,1,FaceRight,0
4,ID015,0,FaceLeft,2
4,ID015,0,FaceRight,2
5,ID015,1,FaceLeft,8
5,ID015,1,FaceRight,4
5,ID015,3,FaceLeft,1
5,ID015,3,FaceRight,15
5,ID015,0,FaceLeft,1
5,ID015,0,FaceRight,6
5,ID015,2,FaceLeft,2
5,ID015,2,FaceRight,0
5,ID017,0,FaceLeft,5
5,ID017,0,FaceRight,0
5,ID017,3,FaceLeft,9
5,ID017,3,FaceRight,4
5,ID017,2,FaceLeft,0
5,ID017,2,FaceRight,1
5,ID017,1,FaceLeft,0
5,ID017,1,FaceRight,1
9,ID017,0,FaceLeft,1
9,ID017,0,FaceRight,7
9,ID017,2,FaceLeft,3
9,ID017,2,FaceRight,4
9,ID017,1,FaceLeft,9
9,ID017,1,FaceRight,1
9,ID017,3,FaceLeft,2
9,ID017,3,FaceRight,1
9,ID015,2,FaceLeft,1
9,ID015,2,FaceRight,7
9,ID015,0,FaceLeft,1
9,ID015,0,FaceRight,4
9,ID015,3,FaceLeft,3
9,ID015,3,FaceRight,2
9,ID015,1,FaceRight,0
10,ID017,0,FaceLeft,1
10,ID017,3,FaceLeft,3
10,ID017,3,FaceRight,5
10,ID017,2,FaceLeft,0
10,ID017,1,FaceLeft,0
10,ID017,1,FaceRight,3
10,ID015,0,FaceLeft,1
10,ID015,0,FaceRight,1
10,ID015,2,FaceLeft,1
10,ID015,2,FaceRight,0
10,ID015,1,FaceLeft,0
10,ID015,1,FaceRight,1
10,ID015,3,FaceLeft,7
10,ID015,3,FaceRight,1
11,ID017,0,FaceLeft,6
11,ID017,0,FaceRight,3
11,ID017,2,FaceLeft,5
11,ID017,2,FaceRight,5
11,ID017,3,FaceLeft,5
11,ID017,3,FaceRight,5
11,ID017,1,FaceLeft,8
11,ID017,1,FaceRight,12
11,ID015,0,FaceLeft,8
11,ID015,0,FaceRight,6
11,ID015,2,FaceLeft,2
11,ID015,2,FaceRight,17
11,ID015,1,FaceLeft,6
11,ID015,1,FaceRight,7
11,ID015,3,FaceLeft,10
11,ID015,3,FaceRight,2
15,ID015,1,FaceLeft,2
15,ID015,1,FaceRight,6
15,ID015,0,FaceRight,1
15,ID015,2,FaceLeft,0
15,ID015,2,FaceRight,1
15,ID015,3,FaceLeft,1
15,ID015,3,FaceRight,1
15,ID017,3,FaceLeft,0
15,ID017,3,FaceRight,7
15,ID017,0,FaceLeft,1
15,ID017,0,FaceRight,0
15,ID017,1,FaceLeft,5
15,ID017,1,FaceRight,3
15,ID017,2,FaceLeft,2
17,ID015,0,FaceLeft,5
17,ID015,0,FaceRight,3
17,ID015,3,FaceLeft,2
17,ID015,3,FaceRight,2
17,ID015,1,FaceLeft,1
17,ID015,1,FaceRight,4
17,ID015,2,FaceLeft,5
17,ID015,2,FaceRight,4
17,ID017,1,FaceLeft,6
17,ID017,1,FaceRight,7
17,ID017,2,FaceLeft,1
17,ID017,2,FaceRight,3
17,ID017,0,FaceLeft,1
17,ID017,0,FaceRight,6
17,ID017,3,FaceLeft,4
17,ID017,3,FaceRight,0
19,ID015,0,FaceLeft,2
19,ID015,0,FaceRight,0
19,ID015,2,FaceLeft,3
19,ID015,2,FaceRight,7
19,ID015,1,FaceLeft,0
19,ID015,1,FaceRight,14
19,ID015,3,FaceLeft,2
19,ID015,3,FaceRight,2
19,ID017,0,FaceLeft,2
19,ID017,0,FaceRight,8
19,ID017,2,FaceLeft,3
19,ID017,2,FaceRight,10
19,ID017,3,FaceLeft,8
19,ID017,3,FaceRight,7
19,ID017,1,FaceLeft,0
19,ID017,1,FaceRight,2
21,ID017,1,FaceLeft,11
21,ID017,1,FaceRight,1
21,ID017,2,FaceLeft,2
21,ID017,2,FaceRight,0
21,ID017,3,FaceLeft,1
21,ID017,3,FaceRight,3
21,ID017,0,FaceLeft,3
21,ID017,0,FaceRight,2
21,ID015,0,FaceLeft,2
21,ID015,0,FaceRight,0
21,ID015,2,FaceLeft,4
21,ID015,2,FaceRight,0
21,ID015,1,FaceLeft,5
21,ID015,1,FaceRight,1
21,ID015,3,FaceLeft,4
21,ID015,3,FaceRight,1
23,ID015,1,FaceRight,8
23,ID015,0,FaceLeft,1
23,ID015,0,FaceRight,11
23,ID015,3,FaceLeft,19
23,ID015,2,FaceLeft,4
23,ID015,2,FaceRight,20
23,ID017,0,FaceLeft,4
23,ID017,0,FaceRight,5
23,ID017,2,FaceLeft,17
23,ID017,2,FaceRight,14
23,ID017,3,FaceLeft,13
23,ID017,3,FaceRight,7
23,ID017,1,FaceLeft,6
23,ID017,1,FaceRight,15
25,ID017,1,FaceLeft,0
25,ID017,1,FaceRight,5
25,ID017,2,FaceLeft,3
25,ID017,2,FaceRight,5
25,ID017,3,FaceLeft,2
25,ID017,3,FaceRight,2
25,ID017,0,FaceLeft,5
25,ID017,0,FaceRight,2
25,ID015,0,FaceLeft,4
25,ID015,0,FaceRight,1
25,ID015,2,FaceLeft,1
25,ID015,2,FaceRight,2
25,ID015,1,FaceLeft,0
25,ID015,1,FaceRight,5
25,ID015,3,FaceLeft,0
25,ID015,3,FaceRight,1
26,ID015,3,FaceLeft,6
26,ID015,3,FaceRight,1
26,ID015,1,FaceLeft,1
26,ID015,1,FaceRight,3
26,ID015,0,FaceLeft,2
26,ID015,0,FaceRight,2
26,ID015,2,FaceLeft,6
26,ID017,3,FaceLeft,1
26,ID017,3,FaceRight,2
26,ID017,2,FaceLeft,6
26,ID017,2,FaceRight,2
26,ID017,0,FaceLeft,4
26,ID017,0,FaceRight,6
26,ID017,1,FaceLeft,2
26,ID017,1,FaceRight,2
27,ID017,1,FaceLeft,6
27,ID017,1,FaceRight,1
27,ID017,0,FaceLeft,5
27,ID017,0,FaceRight,0
27,ID017,3,FaceLeft,0
27,ID017,3,FaceRight,1
27,ID017,2,FaceLeft,0
27,ID017,2,FaceRight,1
27,ID015,2,FaceLeft,2
27,ID015,2,FaceRight,1
27,ID015,3,FaceLeft,2
27,ID015,3,FaceRight,0
27,ID015,0,FaceLeft,1
27,ID015,0,FaceRight,0
27,ID015,1,FaceLeft,1
27,ID015,1,FaceRight,1
29,ID017,1,FaceLeft,4
29,ID017,1,FaceRight,2
29,ID017,0,FaceLeft,0
29,ID017,0,FaceRight,3
29,ID017,2,FaceLeft,0
29,ID017,2,FaceRight,1
29,ID017,3,FaceLeft,6
29,ID015,1,FaceLeft,0
29,ID015,1,FaceRight,6
29,ID015,2,FaceLeft,0
29,ID015,2,FaceRight,5
29,ID015,0,FaceLeft,0
29,ID015,0,FaceRight,4
29,ID015,3,FaceLeft,3
29,ID015,3,FaceRight,2
30,ID015,0,FaceLeft,1
30,ID015,0,FaceRight,2
30,ID015,1,FaceLeft,2
30,ID015,1,FaceRight,0
30,ID015,3,FaceLeft,2
30,ID015,3,FaceRight,4
30,ID015,2,FaceLeft,0
30,ID015,2,FaceRight,0
30,ID017,0,FaceLeft,1
30,ID017,0,FaceRight,1
30,ID017,1,FaceLeft,8
30,ID017,1,FaceRight,3
30,ID017,3,FaceLeft,6
30,ID017,3,FaceRight,0
30,ID017,2,FaceLeft,5
30,ID017,2,FaceRight,7
31,ID017,0,FaceLeft,4
31,ID017,0,FaceRight,4
31,ID017,1,FaceLeft,8
31,ID017,1,FaceRight,5
31,ID017,3,FaceRight,4
31,ID017,2,FaceLeft,1
31,ID017,2,FaceRight,5
31,ID015,0,FaceLeft,1
31,ID015,0,FaceRight,4
31,ID015,3,FaceLeft,19
31,ID015,3,FaceRight,13
31,ID015,1,FaceLeft,2
31,ID015,1,FaceRight,13
31,ID015,2,FaceLeft,4
31,ID015,2,FaceRight,1
32,ID015,1,FaceLeft,7
32,ID015,1,FaceRight,1
32,ID015,3,FaceLeft,11
32,ID015,3,FaceRight,3
32,ID015,0,FaceLeft,2
32,ID015,0,FaceRight,3
32,ID015,2,FaceLeft,2
32,ID015,2,FaceRight,0
32,ID017,2,FaceLeft,1
32,ID017,2,FaceRight,3
32,ID017,1,FaceLeft,1
32,ID017,1,FaceRight,2
32,ID017,0,FaceLeft,2
32,ID017,0,FaceRight,2
32,ID017,3,FaceLeft,6
32,ID017,3,FaceRight,6
34,ID015,0,FaceLeft,3
34,ID015,0,FaceRight,3
34,ID015,1,FaceLeft,2
34,ID015,1,FaceRight,4
34,ID015,3,FaceLeft,3
34,ID015,3,FaceRight,9
34,ID015,2,FaceLeft,1
34,ID015,2,FaceRight,0
34,ID017,1,FaceLeft,6
34,ID017,1,FaceRight,5
34,ID017,2,FaceLeft,6
34,ID017,2,FaceRight,4
34,ID017,3,FaceLeft,4
34,ID017,3,FaceRight,0
34,ID017,0,FaceLeft,5
34,ID017,0,FaceRight,1
36,ID017,1,FaceLeft,1
36,ID017,1,FaceRight,1
36,ID017,0,FaceLeft,4
36,ID017,2,FaceLeft,1
36,ID017,2,FaceRight,3
36,ID017,3,FaceLeft,1
36,ID017,3,FaceRight,1
36,ID015,0,FaceLeft,1
36,ID015,0,FaceRight,1
36,ID015,2,FaceLeft,0
36,ID015,2,FaceRight,0
36,ID015,1,FaceLeft,7
36,ID015,1,FaceRight,2
36,ID015,3,FaceLeft,6
36,ID015,3,FaceRight,2
37,ID017,0,FaceLeft,2
37,ID017,0,FaceRight,3
37,ID017,1,FaceLeft,6
37,ID017,1,FaceRight,2
37,ID017,2,FaceLeft,2
37,ID017,2,FaceRight,5
37,ID017,3,FaceLeft,1
37,ID017,3,FaceRight,1
37,ID015,0,FaceLeft,5
37,ID015,0,FaceRight,0
37,ID015,1,FaceLeft,5
37,ID015,1,FaceRight,2
37,ID015,2,FaceLeft,3
37,ID015,2,FaceRight,0
37,ID015,3,FaceLeft,4
37,ID015,3,FaceRight,6
38,ID015,1,FaceLeft,3
38,ID015,1,FaceRight,16
38,ID015,3,FaceLeft,9
38,ID015,3,FaceRight,5
38,ID015,0,FaceLeft,4
38,ID015,0,FaceRight,2
38,ID015,2,FaceLeft,3
38,ID015,2,FaceRight,4
38,ID017,2,FaceLeft,3
38,ID017,2,FaceRight,13
38,ID017,0,FaceLeft,3
38,ID017,0,FaceRight,1
38,ID017,1,FaceLeft,2
38,ID017,1,FaceRight,0
38,ID017,3,FaceLeft,13
38,ID017,3,FaceRight,2
39,ID017,0,FaceLeft,5
39,ID017,0,FaceRight,7
39,ID017,1,FaceLeft,2
39,ID017,1,FaceRight,1
39,ID017,3,FaceRight,1
39,ID017,2,FaceLeft,4
39,ID017,2,FaceRight,1
39,ID015,0,FaceLeft,1
39,ID015,0,FaceRight,8
39,ID015,1,FaceLeft,11
39,ID015,1,FaceRight,0
39,ID015,2,FaceLeft,3
39,ID015,2,FaceRight,29
39,ID015,3,FaceLeft,4
39,ID015,3,FaceRight,7
40,ID017,2,FaceLeft,22
40,ID017,2,FaceRight,1
40,ID017,3,FaceLeft,3
40,ID017,3,FaceRight,5
40,ID017,1,FaceLeft,2
40,ID017,1,FaceRight,5
40,ID017,0,FaceLeft,1
40,ID017,0,FaceRight,6
40,ID015,2,FaceLeft,12
40,ID015,2,FaceRight,5
40,ID015,3,FaceLeft,10
40,ID015,0,FaceLeft,3
40,ID015,0,FaceRight,3
40,ID015,1,FaceLeft,1
40,ID015,1,FaceRight,3
42,ID015,0,FaceLeft,1
42,ID015,0,FaceRight,1
42,ID015,1,FaceLeft,1
42,ID015,1,FaceRight,11
42,ID015,2,FaceLeft,4
42,ID015,2,FaceRight,0
42,ID015,3,FaceLeft,10
42,ID015,3,FaceRight,22
42,ID017,1,FaceLeft,10
42,ID017,1,FaceRight,10
42,ID017,2,FaceLeft,3
42,ID017,2,FaceRight,5
42,ID017,0,FaceLeft,2
42,ID017,0,FaceRight,1
42,ID017,3,FaceLeft,4
42,ID017,3,FaceRight,12
43,ID017,0,FaceLeft,4
43,ID017,0,FaceRight,5
43,ID017,3,FaceLeft,11
43,ID017,3,FaceRight,8
43,ID017,1,FaceLeft,3
43,ID017,1,FaceRight,12
43,ID017,2,FaceLeft,1
43,ID017,2,FaceRight,7
43,ID015,2,FaceLeft,6
43,ID015,2,FaceRight,0
43,ID015,0,FaceLeft,0
43,ID015,0,FaceRight,2
43,ID015,3,FaceLeft,4
43,ID015,3,FaceRight,0
43,ID015,1,FaceLeft,9
43,ID015,1,FaceRight,5
44,ID015,0,FaceLeft,4
44,ID015,0,FaceRight,0
44,ID015,1,FaceLeft,2
44,ID015,1,FaceRight,5
44,ID015,2,FaceLeft,4
44,ID015,2,FaceRight,1
44,ID015,3,FaceLeft,2
44,ID015,3,FaceRight,5
44,ID017,3,FaceLeft,3
44,ID017,3,FaceRight,3
44,ID017,0,FaceLeft,1
44,ID017,0,FaceRight,3
44,ID017,2,FaceLeft,5
44,ID017,2,FaceRight,1
44,ID017,1,FaceLeft,2
44,ID017,1,FaceRight,8
47,ID015,0,FaceLeft,8
47,ID015,0,FaceRight,1
47,ID015,1,FaceLeft,3
47,ID015,1,FaceRight,8
47,ID015,3,FaceLeft,3
47,ID015,3,FaceRight,8
47,ID015,2,FaceLeft,5
47,ID015,2,FaceRight,0
47,ID017,3,FaceLeft,10
47,ID017,3,FaceRight,6
47,ID017,1,FaceLeft,10
47,ID017,1,FaceRight,1
47,ID017,2,FaceLeft,12
47,ID017,2,FaceRight,8
47,ID017,0,FaceLeft,7
47,ID017,0,FaceRight,6
48,ID015,2,FaceLeft,5
48,ID015,2,FaceRight,2
48,ID015,0,FaceLeft,2
48,ID015,0,FaceRight,0
48,ID015,3,FaceRight,5
48,ID015,1,FaceLeft,2
48,ID015,1,FaceRight,1
48,ID017,3,FaceLeft,1
48,ID017,3,FaceRight,2
48,ID017,0,FaceLeft,3
48,ID017,0,FaceRight,0
48,ID017,2,FaceLeft,4
48,ID017,2,FaceRight,0
48,ID017,1,FaceLeft,1
48,ID017,1,FaceRight,0
50,ID017,3,FaceRight,15
50,ID017,2,FaceLeft,2
50,ID017,2,FaceRight,7
50,ID017,1,FaceLeft,9
50,ID017,1,FaceRight,12
50,ID017,0,FaceLeft,2
50,ID017,0,FaceRight,0
50,ID015,0,FaceLeft,8
50,ID015,0,FaceRight,0
50,ID015,1,FaceLeft,8
50,ID015,1,FaceRight,5
50,ID015,3,FaceLeft,4
50,ID015,3,FaceRight,8
50,ID015,2,FaceLeft,2
50,ID015,2,FaceRight,4
51,ID017,2,FaceLeft,2
51,ID017,2,FaceRight,1
51,ID017,0,FaceLeft,7
51,ID017,0,FaceRight,6
51,ID017,3,FaceLeft,4
51,ID017,3,FaceRight,5
51,ID017,1,FaceLeft,3
51,ID017,1,FaceRight,1
51,ID015,0,FaceLeft,4
51,ID015,0,FaceRight,0
51,ID015,3,FaceLeft,3
51,ID015,3,FaceRight,5
51,ID015,2,FaceLeft,0
51,ID015,2,FaceRight,1
51,ID015,1,FaceLeft,0
51,ID015,1,FaceRight,0
55,ID017,1,FaceLeft,7
55,ID017,1,FaceRight,6
55,ID017,0,FaceLeft,6
55,ID017,0,FaceRight,7
55,ID017,2,FaceLeft,5
55,ID017,2,FaceRight,13
55,ID017,3,FaceLeft,5
55,ID017,3,FaceRight,3
55,ID015,0,FaceLeft,1
55,ID015,0,FaceRight,5
55,ID015,1,FaceLeft,3
55,ID015,1,FaceRight,22
55,ID015,2,FaceLeft,1
55,ID015,2,FaceRight,1
55,ID015,3,FaceLeft,9
55,ID015,3,FaceRight,6
56,ID015,2,FaceLeft,0
56,ID015,2,FaceRight,1
56,ID015,1,FaceLeft,3
56,ID015,1,FaceRight,7
56,ID015,0,FaceLeft,2
56,ID015,0,FaceRight,2
56,ID015,3,FaceLeft,3
56,ID015,3,FaceRight,3
56,ID017,2,FaceLeft,1
56,ID017,2,FaceRight,2
56,ID017,0,FaceLeft,2
56,ID017,0,FaceRight,0
56,ID017,3,FaceLeft,0
56,ID017,3,FaceRight,2
56,ID017,1,FaceLeft,1
56,ID017,1,FaceRight,1
58,ID015,3,FaceLeft,18
58,ID015,3,FaceRight,7
58,ID015,0,FaceLeft,4
58,ID015,0,FaceRight,2
58,ID015,1,FaceLeft,0
58,ID015,1,FaceRight,12
58,ID015,2,FaceLeft,2
58,ID015,2,FaceRight,4
58,ID017,0,FaceLeft,5
58,ID017,0,FaceRight,1
58,ID017,2,FaceLeft,3
58,ID017,2,FaceRight,0
58,ID017,1,FaceLeft,1
58,ID017,1,FaceRight,2
58,ID017,3,FaceLeft,8
58,ID017,3,FaceRight,3
61,ID017,0,FaceLeft,9
61,ID017,0,FaceRight,3
61,ID017,1,FaceLeft,5
61,ID017,1,FaceRight,1
61,ID017,2,FaceLeft,10
61,ID017,2,FaceRight,2
61,ID017,3,FaceRight,2
61,ID015,0,FaceLeft,5
61,ID015,0,FaceRight,1
61,ID015,2,FaceLeft,15
61,ID015,2,FaceRight,3
61,ID015,3,FaceLeft,17
61,ID015,3,FaceRight,6
61,ID015,1,FaceLeft,6
61,ID015,1,FaceRight,2
65,ID015,0,FaceLeft,1
65,ID015,0,FaceRight,1
65,ID015,1,FaceLeft,6
65,ID015,1,FaceRight,3
65,ID015,2,FaceLeft,8
65,ID015,2,FaceRight,4
65,ID015,3,FaceLeft,1
65,ID017,0,FaceLeft,2
65,ID017,0,FaceRight,2
65,ID017,1,FaceLeft,4
65,ID017,1,FaceRight,3
65,ID017,2,FaceLeft,3
65,ID017,2,FaceRight,5
65,ID017,3,FaceLeft,3
65,ID017,3,FaceRight,1
72,ID017,1,FaceLeft,6
72,ID017,1,FaceRight,6
72,ID017,2,FaceLeft,4
72,ID017,2,FaceRight,4
72,ID017,0,FaceLeft,9
72,ID017,0,FaceRight,3
72,ID017,3,FaceRight,5
72,ID015,2,FaceLeft,0
72,ID015,2,FaceRight,1
72,ID015,0,FaceLeft,5
72,ID015,0,FaceRight,6
72,ID015,1,FaceRight,10
72,ID015,3,FaceLeft,9
72,ID015,3,FaceRight,8
76,ID015,0,FaceLeft,5
76,ID015,0,FaceRight,9
76,ID015,2,FaceLeft,6
76,ID015,2,FaceRight,3
76,ID015,1,FaceLeft,19
76,ID015,1,FaceRight,7
76,ID015,3,FaceLeft,2
76,ID015,3,FaceRight,11
76,ID017,0,FaceLeft,7
76,ID017,0,FaceRight,2
76,ID017,3,FaceLeft,13
76,ID017,3,FaceRight,12
76,ID017,1,FaceLeft,10
76,ID017,1,FaceRight,8
76,ID017,2,FaceLeft,4
76,ID017,2,FaceRight,1
78,ID015,0,FaceLeft,9
78,ID015,0,FaceRight,1
78,ID015,3,FaceLeft,1
78,ID015,3,FaceRight,1
78,ID015,2,FaceLeft,2
78,ID015,1,FaceLeft,0
78,ID015,1,FaceRight,1
78,ID017,0,FaceLeft,2
78,ID017,0,FaceRight,1
78,ID017,1,FaceLeft,2
78,ID017,1,FaceRight,1
78,ID017,3,FaceRight,2
78,ID017,2,FaceLeft,2
78,ID017,2,FaceRight,3
81,ID017,0,FaceLeft,3
81,ID017,0,FaceRight,2
81,ID017,1,FaceLeft,3
81,ID017,1,FaceRight,1
81,ID017,2,FaceLeft,11
81,ID017,2,FaceRight,0
81,ID017,3,FaceLeft,3
81,ID017,3,FaceRight,9
81,ID015,0,FaceLeft,4
81,ID015,0,FaceRight,4
81,ID015,1,FaceLeft,1
81,ID015,1,FaceRight,1
81,ID015,2,FaceLeft,8
81,ID015,2,FaceRight,10
81,ID015,3,FaceRight,3
84,ID015,0,FaceLeft,4
84,ID015,0,FaceRight,3
84,ID015,2,FaceLeft,5
84,ID015,2,FaceRight,9
84,ID015,1,FaceLeft,9
84,ID015,1,FaceRight,5
84,ID015,3,FaceLeft,2
84,ID015,3,FaceRight,1
84,ID017,0,FaceLeft,6
84,ID017,0,FaceRight,7
84,ID017,2,FaceLeft,6
84,ID017,2,FaceRight,5
84,ID017,1,FaceLeft,2
84,ID017,1,FaceRight,7
84,ID017,3,FaceLeft,9
84,ID017,3,FaceRight,14
87,ID015,3,FaceLeft,1
87,ID015,3,FaceRight,3
87,ID015,0,FaceLeft,0
87,ID015,0,FaceRight,6
87,ID015,1,FaceLeft,13
87,ID015,1,FaceRight,5
87,ID015,2,FaceLeft,11
87,ID015,2,FaceRight,4
87,ID017,3,FaceLeft,4
87,ID017,0,FaceLeft,5
87,ID017,0,FaceRight,3
87,ID017,2,FaceLeft,7
87,ID017,2,FaceRight,4
87,ID017,1,FaceLeft,4
87,ID017,1,FaceRight,3
88,ID017,0,FaceLeft,7
88,ID017,0,FaceRight,1
88,ID017,3,FaceLeft,2
88,ID017,3,FaceRight,0
88,ID017,1,FaceRight,9
88,ID017,2,FaceLeft,0
88,ID017,2,FaceRight,0
88,ID015,1,FaceLeft,1
88,ID015,1,FaceRight,18
88,ID015,3,FaceLeft,5
88,ID015,3,FaceRight,15
88,ID015,0,FaceLeft,13
88,ID015,0,FaceRight,2
88,ID015,2,FaceRight,6
90,ID015,1,FaceLeft,1
90,ID015,1,FaceRight,20
90,ID015,0,FaceLeft,7
90,ID015,0,FaceRight,3
90,ID015,3,FaceLeft,2
90,ID015,3,FaceRight,0
90,ID015,2,FaceLeft,14
90,ID015,2,FaceRight,2
90,ID017,0,FaceLeft,1
90,ID017,0,FaceRight,6
90,ID017,2,FaceLeft,5
90,ID017,2,FaceRight,9
90,ID017,1,FaceLeft,14
90,ID017,1,FaceRight,12
90,ID017,3,FaceLeft,5
90,ID017,3,FaceRight,1
92,ID015,2,FaceLeft,0
92,ID015,2,FaceRight,4
92,ID015,0,FaceLeft,10
92,ID015,0,FaceRight,7
92,ID015,3,FaceLeft,2
92,ID015,3,FaceRight,0
92,ID015,1,FaceLeft,1
92,ID017,0,FaceLeft,2
92,ID017,0,FaceRight,7
92,ID017,2,FaceLeft,4
92,ID017,2,FaceRight,6
92,ID017,3,FaceLeft,3
92,ID017,3,FaceRight,2
92,ID017,1,FaceLeft,2
92,ID017,1,FaceRight,2
95,ID017,2,FaceLeft,12
95,ID017,2,FaceRight,7
95,ID017,3,FaceLeft,18
95,ID017,0,FaceLeft,6
95,ID017,0,FaceRight,3
95,ID017,1,FaceLeft,15
95,ID017,1,FaceRight,21
95,ID015,1,FaceLeft,13
95,ID015,1,FaceRight,9
95,ID015,3,FaceLeft,16
95,ID015,3,FaceRight,14
95,ID015,0,FaceLeft,1
95,ID015,0,FaceRight,3
95,ID015,2,FaceLeft,15
95,ID015,2,FaceRight,3
99,ID017,2,FaceLeft,13
99,ID017,2,FaceRight,1
99,ID017,0,FaceRight,5
99,ID017,3,FaceLeft,4
99,ID017,3,FaceRight,1
99,ID017,1,FaceLeft,7
99,ID017,1,FaceRight,19
99,ID015,3,FaceLeft,14
99,ID015,3,FaceRight,1
99,ID015,0,FaceLeft,9
99,ID015,0,FaceRight,8
99,ID015,2,FaceLeft,1
99,ID015,2,FaceRight,5
99,ID015,1,FaceLeft,8
99,ID015,1,FaceRight,1
101,ID015,3,FaceLeft,2
101,ID015,3,FaceRight,0
101,ID015,0,FaceLeft,1
101,ID015,0,FaceRight,1
101,ID015,2,FaceLeft,3
101,ID015,2,FaceRight,2
101,ID015,1,FaceLeft,2
101,ID015,1,FaceRight,0
101,ID017,2,FaceLeft,6
101,ID017,2,FaceRight,1
101,ID017,1,FaceLeft,2
101,ID017,1,FaceRight,4
101,ID017,3,FaceLeft,6
101,ID017,3,FaceRight,2
101,ID017,0,FaceLeft,0
101,ID017,0,FaceRight,1
104,ID017,2,FaceLeft,4
104,ID017,2,FaceRight,1
104,ID017,0,FaceLeft,0
104,ID017,0,FaceRight,2
104,ID017,1,FaceLeft,2
104,ID017,1,FaceRight,4
104,ID017,3,FaceLeft,9
104,ID017,3,FaceRight,0
104,ID015,2,FaceLeft,1
104,ID015,2,FaceRight,1
104,ID015,0,FaceLeft,0
104,ID015,0,FaceRight,1
104,ID015,1,FaceLeft,5
104,ID015,1,FaceRight,0
104,ID015,3,FaceLeft,1
104,ID015,3,FaceRight,3
107,ID015,2,FaceLeft,1
107,ID015,2,FaceRight,1
107,ID015,3,FaceLeft,4
107,ID015,3,FaceRight,0
107,ID015,0,FaceLeft,0
107,ID015,0,FaceRight,3
107,ID015,1,FaceLeft,0
107,ID015,1,FaceRight,6
107,ID017,3,FaceLeft,0
107,ID017,3,FaceRight,0
107,ID017,0,FaceLeft,0
107,ID017,0,FaceRight,1
107,ID017,2,FaceLeft,2
107,ID017,2,FaceRight,0
107,ID017,1,FaceLeft,4
107,ID017,1,FaceRight,2
108,ID015,0,FaceLeft,1
108,ID015,0,FaceRight,0
108,ID015,1,FaceLeft,3
108,ID015,1,FaceRight,1
108,ID015,2,FaceLeft,4
108,ID015,2,FaceRight,1
108,ID015,3,FaceLeft,10
108,ID015,3,FaceRight,2
108,ID017,0,FaceLeft,1
108,ID017,0,FaceRight,5
108,ID017,1,FaceLeft,0
108,ID017,1,FaceRight,4
108,ID017,2,FaceLeft,1
108,ID017,2,FaceRight,5
108,ID017,3,FaceLeft,5
108,ID017,3,FaceRight,2
109,ID017,0,FaceLeft,1
109,ID017,0,FaceRight,6
109,ID017,1,FaceLeft,1
109,ID017,1,FaceRight,10
109,ID017,3,FaceLeft,13
109,ID017,3,FaceRight,9
109,ID017,2,FaceLeft,5
109,ID017,2,FaceRight,6
109,ID015,3,FaceLeft,14
109,ID015,3,FaceRight,3
109,ID015,0,FaceLeft,2
109,ID015,0,FaceRight,1
109,ID015,2,FaceLeft,2
109,ID015,2,FaceRight,1
109,ID015,1,FaceLeft,12
109,ID015,1,FaceRight,10
110,ID017,3,FaceLeft,5
110,ID017,3,FaceRight,2
110,ID017,0,FaceLeft,13
110,ID017,0,FaceRight,2
110,ID017,1,FaceLeft,0
110,ID017,1,FaceRight,1
110,ID017,2,FaceLeft,2
110,ID017,2,FaceRight,0
110,ID015,1,FaceLeft,4
110,ID015,1,FaceRight,5
110,ID015,0,FaceLeft,6
110,ID015,0,FaceRight,2
110,ID015,2,FaceLeft,1
110,ID015,2,FaceRight,1
110,ID015,3,FaceLeft,10
110,ID015,3,FaceRight,1
112,ID015,2,FaceLeft,8
112,ID015,2,FaceRight,4
112,ID015,1,FaceLeft,2
112,ID015,1,FaceRight,1
112,ID015,3,FaceLeft,4
112,ID015,3,FaceRight,1
112,ID015,0,FaceLeft,0
112,ID015,0,FaceRight,2
112,ID017,3,FaceLeft,3
112,ID017,3,FaceRight,0
112,ID017,1,FaceLeft,7
112,ID017,1,FaceRight,3
112,ID017,2,FaceLeft,3
112,ID017,2,FaceRight,1
112,ID017,0,FaceLeft,1
112,ID017,0,FaceRight,1
113,ID017,0,FaceLeft,2
113,ID017,0,FaceRight,1
113,ID017,3,FaceLeft,3
113,ID017,3,FaceRight,0
113,ID017,2,FaceLeft,0
113,ID017,2,FaceRight,2
113,ID017,1,FaceLeft,2
113,ID017,1,FaceRight,1
113,ID015,3,FaceLeft,4
113,ID015,3,FaceRight,3
113,ID015,0,FaceLeft,1
113,ID015,1,FaceLeft,3
113,ID015,1,FaceRight,2
113,ID015,2,FaceLeft,3
113,ID015,2,FaceRight,1
114,ID015,1,FaceLeft,1
114,ID015,1,FaceRight,4
114,ID015,2,FaceLeft,0
114,ID015,0,FaceLeft,1
114,ID015,0,FaceRight,1
114,ID015,3,FaceLeft,1
114,ID015,3,FaceRight,1
114,ID017,1,FaceRight,3
114,ID017,2,FaceLeft,0
114,ID017,2,FaceRight,2
114,ID017,0,FaceLeft,0
114,ID017,0,FaceRight,2
114,ID017,3,FaceLeft,0
114,ID017,3,FaceRight,0
116,ID015,2,FaceLeft,4
116,ID015,2,FaceRight,4
116,ID015,0,FaceLeft,3
116,ID015,0,FaceRight,1
116,ID015,1,FaceLeft,5
116,ID015,1,FaceRight,8
116,ID015,3,FaceLeft,3
116,ID015,3,FaceRight,8
116,ID017,1,FaceLeft,7
116,ID017,1,FaceRight,10
116,ID017,0,FaceLeft,1
116,ID017,0,FaceRight,2
116,ID017,2,FaceLeft,4
116,ID017,2,FaceRight,2
116,ID017,3,FaceLeft,6
117,ID015,3,FaceLeft,11
117,ID015,3,FaceRight,2
117,ID015,2,FaceLeft,1
117,ID015,2,FaceRight,13
117,ID015,0,FaceLeft,4
117,ID015,0,FaceRight,0
117,ID015,1,FaceLeft,5
117,ID015,1,FaceRight,1
117,ID017,3,FaceLeft,4
117,ID017,3,FaceRight,4
117,ID017,1,FaceLeft,5
117,ID017,1,FaceRight,7
117,ID017,2,FaceLeft,3
117,ID017,0,FaceLeft,2
117,ID017,0,FaceRight,3
118,ID017,0,FaceLeft,3
118,ID017,0,FaceRight,1
118,ID017,1,FaceLeft,3
118,ID017,1,FaceRight,0
118,ID017,2,FaceLeft,1
118,ID017,2,FaceRight,3
118,ID017,3,FaceLeft,6
118,ID017,3,FaceRight,0
118,ID015,2,FaceLeft,3
118,ID015,2,FaceRight,4
118,ID015,3,FaceLeft,4
118,ID015,3,FaceRight,13
118,ID015,0,FaceLeft,2
118,ID015,0,FaceRight,1
118,ID015,1,FaceLeft,2
118,ID015,1,FaceRight,2
120,ID017,3,FaceLeft,0
120,ID017,3,FaceRight,1
120,ID017,1,FaceLeft,1
120,ID017,1,FaceRight,2
120,ID017,0,FaceLeft,0
120,ID017,0,FaceRight,1
120,ID017,2,FaceLeft,1
120,ID015,3,FaceLeft,2
120,ID015,3,FaceRight,0
120,ID015,2,FaceLeft,0
120,ID015,2,FaceRight,1
120,ID015,0,FaceLeft,0
120,ID015,0,FaceRight,0
120,ID015,1,FaceLeft,1
121,ID015,3,FaceLeft,2
121,ID015,3,FaceRight,2
121,ID015,1,FaceLeft,1
121,ID015,1,FaceRight,0
121,ID015,2,FaceLeft,0
121,ID015,2,FaceRight,5
121,ID015,0,FaceLeft,0
121,ID015,0,FaceRight,0
121,ID017,1,FaceLeft,3
121,ID017,1,FaceRight,0
121,ID017,0,FaceLeft,3
121,ID017,0,FaceRight,1
121,ID017,2,FaceLeft,3
121,ID017,2,FaceRight,2
121,ID017,3,FaceLeft,2
121,ID017,3,FaceRight,1
126,ID015,0,FaceLeft,1
126,ID015,0,FaceRight,1
126,ID015,1,FaceLeft,1
126,ID015,1,FaceRight,2
126,ID015,2,FaceLeft,3
126,ID015,2,FaceRight,0
126,ID015,3,FaceLeft,3
126,ID015,3,FaceRight,1
126,ID017,2,FaceLeft,5
126,ID017,2,FaceRight,5
126,ID017,3,FaceLeft,3
126,ID017,3,FaceRight,7
126,ID017,1,FaceLeft,4
126,ID017,1,FaceRight,2
126,ID017,0,FaceLeft,2
126,ID017,0,FaceRight,2
127,ID015,1,FaceLeft,5
127,ID015,1,FaceRight,6
127,ID015,2,FaceLeft,4
127,ID015,2,FaceRight,3
127,ID015,0,FaceLeft,4
127,ID015,0,FaceRight,6
127,ID015,3,FaceLeft,10
127,ID015,3,FaceRight,15
127,ID017,2,FaceLeft,1
127,ID017,2,FaceRight,1
127,ID017,0,FaceLeft,0
127,ID017,0,FaceRight,5
127,ID017,3,FaceLeft,3
127,ID017,3,FaceRight,9
127,ID017,1,FaceLeft,2
127,ID017,1,FaceRight,1
132,ID017,0,FaceLeft,1
132,ID017,0,FaceRight,0
132,ID017,1,FaceLeft,0
132,ID017,1,FaceRight,7
132,ID017,3,FaceLeft,1
132,ID017,3,FaceRight,7
132,ID017,2,FaceLeft,0
132,ID017,2,FaceRight,2
132,ID015,3,FaceLeft,11
132,ID015,3,FaceRight,3
132,ID015,2,FaceLeft,0
132,ID015,2,FaceRight,4
132,ID015,0,FaceLeft,1
132,ID015,0,FaceRight,0
132,ID015,1,FaceLeft,4
132,ID015,1,FaceRight,3
134,ID017,3,FaceLeft,5
134,ID017,3,FaceRight,17
134,ID017,1,FaceLeft,3
134,ID017,1,FaceRight,6
134,ID017,2,FaceLeft,6
134,ID017,2,FaceRight,0
134,ID017,0,FaceRight,1
134,ID015,3,FaceLeft,6
134,ID015,3,FaceRight,10
134,ID015,0,FaceLeft,0
134,ID015,1,FaceLeft,2
134,ID015,1,FaceRight,2
134,ID015,2,FaceLeft,1
134,ID015,2,FaceRight,2
135,ID017,0,FaceLeft,10
135,ID017,0,FaceRight,1
135,ID017,1,FaceLeft,11
135,ID017,1,FaceRight,4
135,ID017,2,FaceLeft,3
135,ID017,2,FaceRight,5
135,ID017,3,FaceLeft,10
135,ID017,3,FaceRight,9
135,ID015,3,FaceLeft,15
135,ID015,3,FaceRight,11
135,ID015,0,FaceLeft,0
135,ID015,0,FaceRight,9
135,ID015,2,FaceLeft,8
135,ID015,2,FaceRight,1
135,ID015,1,FaceLeft,1
135,ID015,1,FaceRight,3
136,ID017,2,FaceLeft,15
136,ID017,2,FaceRight,7
136,ID017,0,FaceLeft,11
136,ID017,0,FaceRight,7
136,ID017,3,FaceLeft,26
136,ID017,3,FaceRight,2
136,ID017,1,FaceLeft,3
136,ID017,1,FaceRight,2
136,ID015,0,FaceLeft,11
136,ID015,0,FaceRight,3
136,ID015,1,FaceLeft,4
136,ID015,1,FaceRight,7
136,ID015,3,FaceLeft,13
136,ID015,2,FaceLeft,7
136,ID015,2,FaceRight,4
139,ID017,2,FaceLeft,3
139,ID017,2,FaceRight,2
139,ID017,3,FaceLeft,1
139,ID017,3,FaceRight,2
139,ID017,1,FaceLeft,0
139,ID017,1,FaceRight,1
139,ID017,0,FaceLeft,1
139,ID017,0,FaceRight,1
139,ID015,0,FaceLeft,1
139,ID015,0,FaceRight,1
139,ID015,3,FaceLeft,3
139,ID015,3,FaceRight,1
139,ID015,2,FaceLeft,0
139,ID015,2,FaceRight,1
139,ID015,1,FaceLeft,0
140,ID015,3,FaceLeft,2
140,ID015,3,FaceRight,1
140,ID015,1,FaceLeft,1
140,ID015,1,FaceRight,0
140,ID015,2,FaceLeft,2
140,ID015,2,FaceRight,0
140,ID015,0,FaceLeft,0
140,ID015,0,FaceRight,2
140,ID017,0,FaceLeft,1
140,ID017,0,FaceRight,4
140,ID017,1,FaceLeft,2
140,ID017,1,FaceRight,1
140,ID017,3,FaceLeft,0
140,ID017,3,FaceRight,4
140,ID017,2,FaceLeft,1
140,ID017,2,FaceRight,4
141,ID017,1,FaceRight,23
141,ID017,2,FaceLeft,1
141,ID017,2,FaceRight,6
141,ID017,3,FaceLeft,2
141,ID017,3,FaceRight,2
141,ID017,0,FaceLeft,11
141,ID017,0,FaceRight,3
141,ID015,0,FaceLeft,1
141,ID015,0,FaceRight,7
141,ID015,3,FaceLeft,24
141,ID015,3,FaceRight,0
141,ID015,1,FaceLeft,26
141,ID015,1,FaceRight,15
141,ID015,2,FaceRight,9
142,ID017,1,FaceLeft,2
142,ID017,1,FaceRight,0
142,ID017,3,FaceLeft,3
142,ID017,3,FaceRight,1
142,ID017,0,FaceLeft,5
142,ID017,0,FaceRight,4
142,ID017,2,FaceLeft,4
142,ID017,2,FaceRight,7
142,ID015,2,FaceLeft,7
142,ID015,2,FaceRight,3
142,ID015,1,FaceLeft,1
142,ID015,1,FaceRight,2
142,ID015,0,FaceLeft,4
142,ID015,0,FaceRight,2
142,ID015,3,FaceLeft,2
142,ID015,3,FaceRight,2
143,ID015,0,FaceLeft,6
143,ID015,0,FaceRight,6
143,ID015,1,FaceLeft,7
143,ID015,1,FaceRight,7
143,ID015,3,FaceLeft,2
143,ID015,3,FaceRight,3
143,ID015,2,FaceLeft,2
143,ID015,2,FaceRight,4
143,ID017,2,FaceLeft,2
143,ID017,2,FaceRight,4
143,ID017,3,FaceLeft,9
143,ID017,3,FaceRight,1
143,ID017,1,FaceLeft,5
143,ID017,1,FaceRight,13
143,ID017,0,FaceLeft,2
143,ID017,0,FaceRight,1
149,ID030,3,FaceLeft,4
149,ID030,3,FaceRight,8
149,ID030,1,FaceLeft,4
149,ID030,1,FaceRight,17
149,ID030,0,FaceLeft,7
149,ID030,0,FaceRight,8
149,ID030,2,FaceLeft,3
149,ID030,2,FaceRight,8
149,ID015,2,FaceLeft,5
149,ID015,2,FaceRight,0
149,ID015,3,FaceLeft,7
149,ID015,3,FaceRight,9
149,ID015,1,FaceLeft,5
149,ID015,1,FaceRight,8
149,ID015,0,FaceLeft,1
149,ID015,0,FaceRight,1
151,ID015,2,FaceLeft,6
151,ID015,2,FaceRight,4
151,ID015,0,FaceLeft,3
151,ID015,0,FaceRight,2
151,ID015,1,FaceLeft,2
151,ID015,1,FaceRight,3
151,ID015,3,FaceLeft,1
151,ID030,2,FaceLeft,4
151,ID030,2,FaceRight,3
151,ID030,1,FaceLeft,2
151,ID030,1,FaceRight,1
151,ID030,0,FaceLeft,3
151,ID030,3,FaceLeft,0
151,ID030,3,FaceRight,1
152,ID015,3,FaceLeft,2
152,ID015,3,FaceRight,12
152,ID015,0,FaceLeft,7
152,ID015,0,FaceRight,1
152,ID015,2,FaceLeft,8
152,ID015,2,FaceRight,7
152,ID015,1,FaceLeft,7
152,ID015,1,FaceRight,2
152,ID030,3,FaceLeft,11
152,ID030,0,FaceLeft,10
152,ID030,0,FaceRight,17
152,ID030,2,FaceLeft,8
152,ID030,2,FaceRight,2
152,ID030,1,FaceLeft,3
152,ID030,1,FaceRight,4
155,ID015,2,FaceLeft,12
155,ID015,2,FaceRight,6
155,ID015,1,FaceLeft,4
155,ID015,1,FaceRight,6
155,ID015,0,FaceLeft,7
155,ID015,0,FaceRight,4
155,ID015,3,FaceLeft,8
155,ID030,1,FaceLeft,2
155,ID030,1,FaceRight,11
155,ID030,0,FaceLeft,3
155,ID030,0,FaceRight,7
155,ID030,2,FaceRight,4
155,ID030,3,FaceLeft,10
155,ID030,3,FaceRight,4
156,ID030,2,FaceLeft,15
156,ID030,2,FaceRight,5
156,ID030,1,FaceLeft,9
156,ID030,1,FaceRight,7
156,ID030,0,FaceLeft,9
156,ID030,0,FaceRight,1
156,ID030,3,FaceLeft,0
156,ID030,3,FaceRight,7
156,ID015,2,FaceLeft,3
156,ID015,2,FaceRight,15
156,ID015,3,FaceRight,2
156,ID015,1,FaceLeft,23
156,ID015,1,FaceRight,3
156,ID015,0,FaceLeft,1
156,ID015,0,FaceRight,2
158,ID015,0,FaceLeft,1
158,ID015,0,FaceRight,0
158,ID015,2,FaceLeft,5
158,ID015,2,FaceRight,1
158,ID015,3,FaceLeft,6
158,ID015,3,FaceRight,8
158,ID015,1,FaceLeft,2
158,ID015,1,FaceRight,2
158,ID030,0,FaceLeft,1
158,ID030,0,FaceRight,0
158,ID030,2,FaceLeft,1
158,ID030,2,FaceRight,1
158,ID030,3,FaceLeft,3
158,ID030,3,FaceRight,3
158,ID030,1,FaceLeft,6
158,ID030,1,FaceRight,1
159,ID030,3,FaceLeft,10
159,ID030,3,FaceRight,11
159,ID030,0,FaceLeft,1
159,ID030,2,FaceLeft,8
159,ID030,2,FaceRight,2
159,ID030,1,FaceLeft,2
159,ID030,1,FaceRight,13
159,ID015,1,FaceLeft,6
159,ID015,1,FaceRight,19
159,ID015,2,FaceLeft,2
159,ID015,2,FaceRight,0
159,ID015,3,FaceLeft,20
159,ID015,3,FaceRight,1
159,ID015,0,FaceLeft,2
159,ID015,0,FaceRight,2
160,ID030,3,FaceLeft,2
160,ID030,3,FaceRight,10
160,ID030,1,FaceLeft,8
160,ID030,1,FaceRight,5
160,ID030,2,FaceLeft,6
160,ID030,2,FaceRight,6
160,ID030,0,FaceLeft,1
160,ID030,0,FaceRight,5
160,ID015,3,FaceLeft,4
160,ID015,3,FaceRight,4
160,ID015,2,FaceLeft,0
160,ID015,2,FaceRight,4
160,ID015,1,FaceLeft,5
160,ID015,1,FaceRight,1
160,ID015,0,FaceRight,2
161,ID015,1,FaceLeft,1
161,ID015,1,FaceRight,5
161,ID015,3,FaceLeft,2
161,ID015,3,FaceRight,8
161,ID015,0,FaceLeft,1
161,ID015,0,FaceRight,1
161,ID015,2,FaceLeft,2
161,ID015,2,FaceRight,0
161,ID030,2,FaceLeft,2
161,ID030,2,FaceRight,2
161,ID030,0,FaceLeft,3
161,ID030,0,FaceRight,0
161,ID030,3,FaceLeft,2
161,ID030,3,FaceRight,1
161,ID030,1,FaceLeft,1
161,ID030,1,FaceRight,1
163,ID030,0,FaceLeft,9
163,ID030,0,FaceRight,3
163,ID030,3,FaceLeft,2
163,ID030,3,FaceRight,5
163,ID030,2,FaceLeft,2
163,ID030,2,FaceRight,7
163,ID030,1,FaceLeft,3
163,ID030,1,FaceRight,0
163,ID015,0,FaceLeft,4
163,ID015,0,FaceRight,0
163,ID015,3,FaceLeft,4
163,ID015,3,FaceRight,3
163,ID015,2,FaceLeft,7
163,ID015,2,FaceRight,3
163,ID015,1,FaceLeft,3
163,ID015,1,FaceRight,2
165,ID015,0,FaceLeft,19
165,ID015,0,FaceRight,2
165,ID015,2,FaceLeft,12
165,ID015,2,FaceRight,4
165,ID015,1,FaceLeft,22
165,ID015,1,FaceRight,16
165,ID030,1,FaceLeft,9
165,ID030,1,FaceRight,16
165,ID030,3,FaceLeft,3
165,ID030,3,FaceRight,2
165,ID030,2,FaceLeft,2
165,ID030,2,FaceRight,1
165,ID030,0,FaceLeft,14
165,ID030,0,FaceRight,4
169,ID030,0,FaceLeft,10
169,ID030,0,FaceRight,14
169,ID030,2,FaceLeft,6
169,ID030,2,FaceRight,10
169,ID030,1,FaceLeft,6
169,ID030,1,FaceRight,5
169,ID030,3,FaceLeft,8
169,ID030,3,FaceRight,13
169,ID015,1,FaceLeft,15
169,ID015,1,FaceRight,2
169,ID015,2,FaceLeft,4
169,ID015,2,FaceRight,12
169,ID015,0,FaceLeft,13
169,ID015,0,FaceRight,3
169,ID015,3,FaceLeft,3
169,ID015,3,FaceRight,7
170,ID030,1,FaceLeft,4
170,ID030,1,FaceRight,2
170,ID030,0,FaceLeft,1
170,ID030,0,FaceRight,1
170,ID030,2,FaceLeft,3
170,ID030,2,FaceRight,1
170,ID030,3,FaceLeft,4
170,ID015,0,FaceLeft,1
170,ID015,0,FaceRight,4
170,ID015,1,FaceLeft,0
170,ID015,1,FaceRight,3
170,ID015,3,FaceLeft,5
170,ID015,3,FaceRight,3
170,ID015,2,FaceLeft,1
170,ID015,2,FaceRight,0
171,ID030,3,FaceLeft,3
171,ID030,3,FaceRight,21
171,ID030,0,FaceLeft,3
171,ID030,0,FaceRight,2
171,ID030,2,FaceLeft,2
171,ID030,2,FaceRight,5
171,ID030,1,FaceLeft,2
171,ID030,1,FaceRight,3
171,ID015,3,FaceLeft,13
171,ID015,3,FaceRight,13
171,ID015,2,FaceLeft,3
171,ID015,2,FaceRight,7
171,ID015,0,FaceLeft,6
171,ID015,0,FaceRight,5
171,ID015,1,FaceLeft,3
171,ID015,1,FaceRight,3
176,ID030,1,FaceLeft,11
176,ID030,1,FaceRight,19
176,ID030,0,FaceLeft,4
176,ID030,0,FaceRight,8
176,ID030,3,FaceLeft,17
176,ID030,3,FaceRight,8
176,ID030,2,FaceLeft,1
176,ID030,2,FaceRight,1
176,ID015,2,FaceLeft,2
176,ID015,2,FaceRight,2
176,ID015,0,FaceLeft,2
176,ID015,0,FaceRight,2
176,ID015,3,FaceLeft,14
176,ID015,3,FaceRight,10
176,ID015,1,FaceLeft,3
176,ID015,1,FaceRight,5
177,ID015,1,FaceLeft,1
177,ID015,1,FaceRight,6
177,ID015,0,FaceLeft,3
177,ID015,0,FaceRight,2
177,ID015,3,FaceLeft,1
177,ID015,3,FaceRight,8
177,ID015,2,FaceLeft,5
177,ID015,2,FaceRight,0
177,ID030,0,FaceLeft,4
177,ID030,0,FaceRight,0
177,ID030,1,FaceLeft,9
177,ID030,1,FaceRight,4
177,ID030,3,FaceLeft,3
177,ID030,3,FaceRight,5
177,ID030,2,FaceLeft,3
177,ID030,2,FaceRight,2
178,ID015,0,FaceLeft,7
178,ID015,0,FaceRight,3
178,ID015,2,FaceLeft,5
178,ID015,2,FaceRight,8
178,ID015,3,FaceLeft,1
178,ID015,3,FaceRight,5
178,ID015,1,FaceLeft,3
178,ID015,1,FaceRight,3
178,ID030,0,FaceLeft,3
178,ID030,0,FaceRight,1
178,ID030,2,FaceLeft,9
178,ID030,2,FaceRight,5
178,ID030,1,FaceLeft,2
178,ID030,1,FaceRight,7
178,ID030,3,FaceLeft,8
178,ID030,3,FaceRight,2
182,ID015,3,FaceRight,5
182,ID015,1,FaceLeft,8
182,ID015,1,FaceRight,6
182,ID015,0,FaceLeft,2
182,ID015,0,FaceRight,5
182,ID015,2,FaceLeft,17
182,ID015,2,FaceRight,18
182,ID030,0,FaceLeft,5
182,ID030,0,FaceRight,11
182,ID030,2,FaceLeft,2
182,ID030,2,FaceRight,3
182,ID030,3,FaceLeft,5
182,ID030,3,FaceRight,19
182,ID030,1,FaceLeft,4
182,ID030,1,FaceRight,5
187,ID015,1,FaceLeft,0
187,ID015,1,FaceRight,7
187,ID015,0,FaceLeft,3
187,ID015,0,FaceRight,4
187,ID015,3,FaceLeft,6
187,ID015,3,FaceRight,4
187,ID015,2,FaceRight,6
187,ID030,3,FaceLeft,2
187,ID030,3,FaceRight,0
187,ID030,1,FaceLeft,6
187,ID030,1,FaceRight,9
187,ID030,2,FaceLeft,3
187,ID030,2,FaceRight,7
187,ID030,0,FaceRight,4
189,ID030,0,FaceLeft,6
189,ID030,0,FaceRight,6
189,ID030,1,FaceLeft,1
189,ID030,1,FaceRight,2
189,ID030,2,FaceLeft,0
189,ID030,2,FaceRight,10
189,ID030,3,FaceLeft,2
189,ID030,3,FaceRight,4
189,ID015,0,FaceLeft,10
189,ID015,0,FaceRight,4
189,ID015,1,FaceLeft,2
189,ID015,1,FaceRight,5
189,ID015,3,FaceLeft,0
189,ID015,3,FaceRight,2
189,ID015,2,FaceLeft,2
189,ID015,2,FaceRight,0
192,ID015,2,FaceLeft,1
192,ID015,2,FaceRight,6
192,ID015,1,FaceLeft,7
192,ID015,1,FaceRight,0
192,ID015,3,FaceLeft,5
192,ID015,3,FaceRight,6
192,ID015,0,FaceLeft,10
192,ID015,0,FaceRight,3
192,ID030,3,FaceLeft,9
192,ID030,3,FaceRight,4
192,ID030,0,FaceLeft,0
192,ID030,0,FaceRight,3
192,ID030,1,FaceLeft,6
192,ID030,1,FaceRight,3
192,ID030,2,FaceLeft,5
192,ID030,2,FaceRight,1
195,ID030,0,FaceLeft,1
195,ID030,0,FaceRight,2
195,ID030,2,FaceLeft,4
195,ID030,2,FaceRight,0
195,ID030,1,FaceLeft,3
195,ID030,1,FaceRight,1
195,ID030,3,FaceLeft,3
195,ID030,3,FaceRight,5
195,ID015,0,FaceRight,1
195,ID015,3,FaceLeft,11
195,ID015,3,FaceRight,4
195,ID015,1,FaceLeft,4
195,ID015,1,FaceRight,1
195,ID015,2,FaceLeft,1
195,ID015,2,FaceRight,6
200,ID015,1,FaceLeft,1
200,ID015,1,FaceRight,0
200,ID015,2,FaceLeft,3
200,ID015,2,FaceRight,2
200,ID015,0,FaceLeft,2
200,ID015,0,FaceRight,2
200,ID015,3,FaceLeft,3
200,ID015,3,FaceRight,5
200,ID030,3,FaceLeft,2
200,ID030,3,FaceRight,3
200,ID030,2,FaceLeft,4
200,ID030,2,FaceRight,1
200,ID030,0,FaceLeft,1
200,ID030,1,FaceLeft,3
200,ID030,1,FaceRight,3
201,ID030,3,FaceLeft,14
201,ID030,3,FaceRight,2
201,ID030,0,FaceLeft,6
201,ID030,0,FaceRight,7
201,ID030,2,FaceLeft,1
201,ID030,2,FaceRight,4
201,ID030,1,FaceLeft,6
201,ID030,1,FaceRight,8
201,ID015,2,FaceLeft,2
201,ID015,2,FaceRight,0
201,ID015,3,FaceLeft,6
201,ID015,3,FaceRight,7
201,ID015,1,FaceLeft,4
201,ID015,1,FaceRight,1
201,ID015,0,FaceLeft,1
201,ID015,0,FaceRight,2
202,ID030,0,FaceLeft,0
202,ID030,0,FaceRight,1
202,ID030,3,FaceLeft,2
202,ID030,3,FaceRight,1
202,ID030,2,FaceLeft,1
202,ID030,2,FaceRight,3
202,ID030,1,FaceLeft,2
202,ID030,1,FaceRight,1
202,ID015,0,FaceLeft,4
202,ID015,0,FaceRight,1
202,ID015,2,FaceLeft,3
202,ID015,2,FaceRight,9
202,ID015,3,FaceLeft,0
202,ID015,3,FaceRight,2
202,ID015,1,FaceLeft,1
202,ID015,1,FaceRight,4
203,ID015,1,FaceLeft,3
203,ID015,1,FaceRight,2
203,ID015,0,FaceLeft,1
203,ID015,0,FaceRight,1
203,ID015,3,FaceLeft,15
203,ID015,3,FaceRight,9
203,ID015,2,FaceLeft,4
203,ID015,2,FaceRight,9
203,ID030,1,FaceLeft,0
203,ID030,1,FaceRight,1
203,ID030,0,FaceRight,1
203,ID030,3,FaceLeft,15
203,ID030,3,FaceRight,9
203,ID030,2,FaceLeft,2
203,ID030,2,FaceRight,2
205,ID015,1,FaceLeft,9
205,ID015,1,FaceRight,3
205,ID015,2,FaceLeft,2
205,ID015,2,FaceRight,1
205,ID015,3,FaceLeft,0
205,ID015,3,FaceRight,1
205,ID015,0,FaceLeft,6
205,ID015,0,FaceRight,1
205,ID030,0,FaceLeft,4
205,ID030,0,FaceRight,6
205,ID030,1,FaceLeft,0
205,ID030,1,FaceRight,2
205,ID030,3,FaceLeft,7
205,ID030,3,FaceRight,2
205,ID030,2,FaceLeft,1
205,ID030,2,FaceRight,7
207,ID030,0,FaceLeft,3
207,ID030,0,FaceRight,14
207,ID030,2,FaceLeft,5
207,ID030,2,FaceRight,3
207,ID030,1,FaceLeft,5
207,ID030,1,FaceRight,1
207,ID030,3,FaceLeft,5
207,ID030,3,FaceRight,0
207,ID015,2,FaceLeft,2
207,ID015,2,FaceRight,4
207,ID015,3,FaceLeft,10
207,ID015,3,FaceRight,12
207,ID015,1,FaceLeft,8
207,ID015,1,FaceRight,1
207,ID015,0,FaceLeft,3
207,ID015,0,FaceRight,5
208,ID015,0,FaceLeft,7
208,ID015,0,FaceRight,2
208,ID015,2,FaceLeft,2
208,ID015,2,FaceRight,18
208,ID015,3,FaceLeft,8
208,ID015,3,FaceRight,22
208,ID015,1,FaceLeft,2
208,ID015,1,FaceRight,9
208,ID030,0,FaceLeft,5
208,ID030,0,FaceRight,0
208,ID030,2,FaceLeft,0
208,ID030,3,FaceLeft,9
208,ID030,3,FaceRight,7
208,ID030,1,FaceLeft,0
208,ID030,1,FaceRight,3
209,ID030,0,FaceLeft,1
209,ID030,0,FaceRight,0
209,ID030,2,FaceLeft,2
209,ID030,2,FaceRight,2
209,ID030,1,FaceLeft,8
209,ID030,1,FaceRight,2
209,ID030,3,FaceLeft,3
209,ID030,3,FaceRight,2
209,ID015,0,FaceLeft,1
209,ID015,0,FaceRight,1
209,ID015,1,FaceLeft,2
209,ID015,1,FaceRight,3
209,ID015,3,FaceLeft,1
209,ID015,3,FaceRight,10
209,ID015,2,FaceLeft,2
209,ID015,2,FaceRight,2
212,ID030,1,FaceLeft,5
212,ID030,1,FaceRight,7
212,ID030,2,FaceLeft,4
212,ID030,2,FaceRight,0
212,ID030,0,FaceLeft,6
212,ID030,0,FaceRight,2
212,ID030,3,FaceRight,10
212,ID015,3,FaceLeft,10
212,ID015,0,FaceLeft,0
212,ID015,0,FaceRight,10
212,ID015,2,FaceLeft,1
212,ID015,2,FaceRight,3
212,ID015,1,FaceLeft,11
212,ID015,1,FaceRight,2
215,ID015,1,FaceLeft,0
215,ID015,1,FaceRight,3
215,ID015,0,FaceLeft,2
215,ID015,0,FaceRight,1
215,ID015,2,FaceLeft,2
215,ID015,2,FaceRight,0
215,ID015,3,FaceLeft,0
215,ID015,3,FaceRight,1
215,ID030,1,FaceLeft,2
215,ID030,1,FaceRight,0
215,ID030,0,FaceLeft,1
215,ID030,0,FaceRight,0
215,ID030,3,FaceLeft,0
215,ID030,3,FaceRight,1
215,ID030,2,FaceLeft,0
215,ID030,2,FaceRight,0
216,ID030,1,FaceLeft,5
216,ID030,1,FaceRight,2
216,ID030,2,FaceLeft,13
216,ID030,2,FaceRight,3
216,ID030,0,FaceLeft,0
216,ID030,0,FaceRight,4
216,ID030,3,FaceLeft,2
216,ID030,3,FaceRight,5
216,ID015,2,FaceLeft,18
216,ID015,2,FaceRight,3
216,ID015,0,FaceLeft,3
216,ID015,0,FaceRight,1
216,ID015,3,FaceLeft,0
216,ID015,3,FaceRight,2
216,ID015,1,FaceLeft,1
216,ID015,1,FaceRight,6
217,ID015,2,FaceLeft,6
217,ID015,2,FaceRight,4
217,ID015,3,FaceLeft,7
217,ID015,3,FaceRight,2
217,ID015,0,FaceLeft,8
217,ID015,0,FaceRight,7
217,ID015,1,FaceLeft,10
217,ID015,1,FaceRight,2
217,ID030,2,FaceLeft,8
217,ID030,2,FaceRight,7
217,ID030,1,FaceLeft,11
217,ID030,1,FaceRight,2
217,ID030,3,FaceLeft,0
217,ID030,3,FaceRight,1
217,ID030,0,FaceLeft,2
217,ID030,0,FaceRight,7
218,ID015,3,FaceLeft,6
218,ID015,3,FaceRight,7
218,ID015,2,FaceLeft,0
218,ID015,2,FaceRight,9
218,ID015,0,FaceLeft,3
218,ID015,0,FaceRight,1
218,ID015,1,FaceLeft,6
218,ID015,1,FaceRight,1
218,ID030,0,FaceLeft,1
218,ID030,0,FaceRight,1
218,ID030,1,FaceLeft,2
218,ID030,1,FaceRight,2
218,ID030,2,FaceLeft,6
218,ID030,2,FaceRight,2
218,ID030,3,FaceLeft,0
218,ID030,3,FaceRight,6
220,ID015,1,FaceLeft,6
220,ID015,1,FaceRight,20
220,ID015,0,FaceLeft,17
220,ID015,0,FaceRight,16
220,ID015,3,FaceLeft,8
220,ID015,2,FaceLeft,11
220,ID015,2,FaceRight,7
220,ID030,3,FaceRight,6
220,ID030,0,FaceLeft,5
220,ID030,0,FaceRight,9
220,ID030,1,FaceLeft,8
220,ID030,1,FaceRight,2
220,ID030,2,FaceLeft,0
220,ID030,2,FaceRight,0
221,ID030,3,FaceLeft,2
221,ID030,3,FaceRight,1
221,ID030,0,FaceLeft,2
221,ID030,0,FaceRight,1
221,ID030,2,FaceLeft,2
221,ID030,2,FaceRight,3
221,ID030,1,FaceLeft,1
221,ID030,1,FaceRight,2
221,ID015,1,FaceLeft,5
221,ID015,1,FaceRight,1
221,ID015,2,FaceLeft,7
221,ID015,2,FaceRight,0
221,ID015,0,FaceLeft,0
221,ID015,0,FaceRight,3
221,ID015,3,FaceLeft,0
221,ID015,3,FaceRight,6
222,ID015,1,FaceLeft,1
222,ID015,1,FaceRight,5
222,ID015,3,FaceLeft,4
222,ID015,3,FaceRight,1
222,ID015,2,FaceLeft,3
222,ID015,2,FaceRight,5
222,ID015,0,FaceLeft,1
222,ID015,0,FaceRight,3
222,ID030,0,FaceLeft,1
222,ID030,0,FaceRight,2
222,ID030,1,FaceLeft,3
222,ID030,1,FaceRight,3
222,ID030,2,FaceLeft,3
222,ID030,2,FaceRight,3
222,ID030,3,FaceLeft,0
222,ID030,3,FaceRight,3
225,ID030,0,FaceLeft,1
225,ID030,0,FaceRight,2
225,ID030,3,FaceLeft,1
225,ID030,3,FaceRight,10
225,ID030,2,FaceLeft,0
225,ID030,2,FaceRight,1
225,ID030,1,FaceLeft,2
225,ID030,1,FaceRight,0
225,ID015,1,FaceLeft,5
225,ID015,1,FaceRight,2
225,ID015,0,FaceLeft,5
225,ID015,0,FaceRight,0
225,ID015,2,FaceLeft,1
225,ID015,2,FaceRight,3
225,ID015,3,FaceRight,4
228,ID015,2,FaceLeft,0
228,ID015,2,FaceRight,0
228,ID015,1,FaceLeft,2
228,ID015,1,FaceRight,0
228,ID015,0,FaceLeft,1
228,ID015,0,FaceRight,1
228,ID015,3,FaceLeft,6
228,ID015,3,FaceRight,7
228,ID030,1,FaceRight,3
228,ID030,0,FaceLeft,1
228,ID030,0,FaceRight,0
228,ID030,3,FaceLeft,5
228,ID030,3,FaceRight,1
228,ID030,2,FaceLeft,2
228,ID030,2,FaceRight,2
231,ID030,0,FaceLeft,0
231,ID030,0,FaceRight,8
231,ID030,3,FaceLeft,1
231,ID030,3,FaceRight,6
231,ID030,2,FaceLeft,2
231,ID030,2,FaceRight,1
231,ID030,1,FaceRight,10
231,ID015,2,FaceLeft,8
231,ID015,2,FaceRight,3
231,ID015,3,FaceLeft,8
231,ID015,3,FaceRight,0
231,ID015,0,FaceLeft,6
231,ID015,0,FaceRight,1
231,ID015,1,FaceLeft,3
231,ID015,1,FaceRight,2
236,ID015,0,FaceLeft,3
236,ID015,0,FaceRight,1
236,ID015,3,FaceLeft,5
236,ID015,3,FaceRight,0
236,ID015,1,FaceLeft,0
236,ID015,1,FaceRight,0
236,ID015,2,FaceLeft,2
236,ID015,2,FaceRight,1
236,ID030,2,FaceLeft,2
236,ID030,2,FaceRight,0
236,ID030,0,FaceLeft,1
236,ID030,0,FaceRight,9
236,ID030,1,FaceLeft,3
236,ID030,1,FaceRight,3
236,ID030,3,FaceLeft,4
236,ID030,3,FaceRight,2
237,ID030,1,FaceLeft,2
237,ID030,1,FaceRight,8
237,ID030,2,FaceLeft,4
237,ID030,2,FaceRight,2
237,ID030,3,FaceLeft,3
237,ID030,3,FaceRight,1
237,ID030,0,FaceLeft,1
237,ID030,0,FaceRight,1
237,ID015,2,FaceLeft,11
237,ID015,2,FaceRight,1
237,ID015,0,FaceLeft,2
237,ID015,0,FaceRight,0
237,ID015,1,FaceLeft,1
237,ID015,1,FaceRight,0
237,ID015,3,FaceLeft,6
237,ID015,3,FaceRight,4
238,ID015,0,FaceLeft,2
238,ID015,0,FaceRight,3
238,ID015,1,FaceLeft,1
238,ID015,1,FaceRight,3
238,ID015,2,FaceLeft,1
238,ID015,2,FaceRight,11
238,ID015,3,FaceLeft,4
238,ID015,3,FaceRight,11
238,ID030,1,FaceLeft,1
238,ID030,1,FaceRight,16
238,ID030,2,FaceLeft,11
238,ID030,2,FaceRight,15
238,ID030,0,FaceLeft,1
238,ID030,0,FaceRight,5
238,ID030,3,FaceLeft,2
238,ID030,3,FaceRight,4
241,ID015,3,FaceLeft,6
241,ID015,3,FaceRight,2
241,ID015,0,FaceLeft,1
241,ID015,0,FaceRight,2
241,ID015,2,FaceLeft,1
241,ID015,2,FaceRight,4
241,ID015,1,FaceLeft,5
241,ID015,1,FaceRight,3
241,ID030,0,FaceLeft,3
241,ID030,0,FaceRight,4
241,ID030,3,FaceLeft,2
241,ID030,3,FaceRight,3
241,ID030,2,FaceLeft,5
241,ID030,2,FaceRight,4
241,ID030,1,FaceLeft,1
241,ID030,1,FaceRight,3
242,ID015,1,FaceLeft,3
242,ID015,1,FaceRight,1
242,ID015,2,FaceLeft,0
242,ID015,2,FaceRight,1
242,ID015,0,FaceLeft,1
242,ID015,3,FaceLeft,1
242,ID015,3,FaceRight,2
242,ID030,0,FaceLeft,1
242,ID030,2,FaceLeft,0
242,ID030,2,FaceRight,0
242,ID030,3,FaceLeft,1
242,ID030,3,FaceRight,1
242,ID030,1,FaceLeft,0
242,ID030,1,FaceRight,2
243,ID030,3,FaceLeft,10
243,ID030,3,FaceRight,14
243,ID030,1,FaceLeft,2
243,ID030,1,FaceRight,3
243,ID030,0,FaceLeft,1
243,ID030,0,FaceRight,0
243,ID030,2,FaceLeft,3
243,ID030,2,FaceRight,3
243,ID015,1,FaceLeft,6
243,ID015,1,FaceRight,1
243,ID015,3,FaceLeft,6
243,ID015,3,FaceRight,1
243,ID015,2,FaceLeft,1
243,ID015,2,FaceRight,1
243,ID015,0,FaceLeft,2
243,ID015,0,FaceRight,0
246,ID015,2,FaceLeft,1
246,ID015,2,FaceRight,2
246,ID015,0,FaceLeft,5
246,ID015,3,FaceLeft,7
246,ID015,3,FaceRight,2
246,ID015,1,FaceLeft,2
246,ID015,1,FaceRight,6
246,ID030,3,FaceLeft,8
246,ID030,3,FaceRight,1
246,ID030,0,FaceLeft,1
246,ID030,0,FaceRight,7
246,ID030,2,FaceLeft,2
246,ID030,2,FaceRight,6
246,ID030,1,FaceLeft,7
246,ID030,1,FaceRight,2
248,ID030,3,FaceLeft,3
248,ID030,3,FaceRight,8
248,ID030,1,FaceLeft,2
248,ID030,1,FaceRight,6
248,ID030,0,FaceLeft,3
248,ID030,0,FaceRight,5
248,ID030,2,FaceLeft,2
248,ID030,2,FaceRight,0
248,ID015,0,FaceLeft,3
248,ID015,0,FaceRight,3
248,ID015,2,FaceLeft,1
248,ID015,2,FaceRight,3
248,ID015,3,FaceLeft,2
248,ID015,3,FaceRight,4
248,ID015,1,FaceLeft,4
248,ID015,1,FaceRight,1
249,ID015,0,FaceLeft,2
249,ID015,0,FaceRight,1
249,ID015,1,FaceLeft,1
249,ID015,1,FaceRight,1
249,ID015,2,FaceLeft,1
249,ID015,2,FaceRight,0
249,ID015,3,FaceLeft,1
249,ID015,3,FaceRight,0
249,ID030,0,FaceLeft,2
249,ID030,0,FaceRight,3
249,ID030,1,FaceLeft,1
249,ID030,1,FaceRight,1
249,ID030,2,FaceLeft,1
249,ID030,2,FaceRight,0
249,ID030,3,FaceLeft,4
249,ID030,3,FaceRight,4
251,ID015,0,FaceLeft,2
251,ID015,0,FaceRight,1
251,ID015,1,FaceLeft,11
251,ID015,1,FaceRight,3
251,ID015,3,FaceLeft,3
251,ID015,3,FaceRight,3
251,ID015,2,FaceLeft,1
251,ID015,2,FaceRight,1
251,ID030,2,FaceLeft,2
251,ID030,2,FaceRight,2
251,ID030,1,FaceLeft,4
251,ID030,1,FaceRight,1
251,ID030,0,FaceLeft,0
251,ID030,0,FaceRight,1
251,ID030,3,FaceLeft,2
252,ID030,3,FaceLeft,4
252,ID030,3,FaceRight,11
252,ID030,2,FaceRight,11
252,ID030,0,FaceLeft,6
252,ID030,0,FaceRight,1
252,ID030,1,FaceLeft,2
252,ID030,1,FaceRight,3
252,ID015,2,FaceLeft,1
252,ID015,2,FaceRight,5
252,ID015,1,FaceRight,2
252,ID015,3,FaceLeft,2
252,ID015,3,FaceRight,0
252,ID015,0,FaceLeft,8
252,ID015,0,FaceRight,5
253,ID015,2,FaceLeft,10
253,ID015,2,FaceRight,2
253,ID015,3,FaceLeft,11
253,ID015,3,FaceRight,13
253,ID015,0,FaceLeft,3
253,ID015,0,FaceRight,6
253,ID015,1,FaceLeft,6
253,ID015,1,FaceRight,3
253,ID030,1,FaceLeft,2
253,ID030,1,FaceRight,5
253,ID030,2,FaceLeft,13
253,ID030,2,FaceRight,5
253,ID030,0,FaceLeft,5
253,ID030,0,FaceRight,9
253,ID030,3,FaceLeft,4
253,ID030,3,FaceRight,11
254,ID030,3,FaceLeft,35
254,ID030,0,FaceLeft,2
254,ID030,0,FaceRight,0
254,ID030,2,FaceLeft,2
254,ID030,2,FaceRight,9
254,ID030,1,FaceLeft,9
254,ID030,1,FaceRight,5
254,ID015,1,FaceLeft,7
254,ID015,1,FaceRight,4
254,ID015,3,FaceLeft,2
254,ID015,3,FaceRight,15
254,ID015,2,FaceLeft,3
254,ID015,2,FaceRight,1
254,ID015,0,FaceLeft,5
254,ID015,0,FaceRight,2
257,ID030,1,FaceLeft,4
257,ID030,1,FaceRight,13
257,ID030,0,FaceLeft,5
257,ID030,0,FaceRight,1
257,ID030,2,FaceLeft,3
257,ID030,2,FaceRight,7
257,ID030,3,FaceLeft,3
257,ID030,3,FaceRight,5
257,ID015,3,FaceLeft,3
257,ID015,3,FaceRight,1
257,ID015,0,FaceLeft,2
257,ID015,0,FaceRight,6
257,ID015,1,FaceLeft,3
257,ID015,1,FaceRight,4
257,ID015,2,FaceLeft,2
257,ID015,2,FaceRight,0
258,ID015,3,FaceLeft,7
258,ID015,3,FaceRight,5
258,ID015,0,FaceLeft,2
258,ID015,0,FaceRight,6
258,ID015,2,FaceLeft,7
258,ID015,2,FaceRight,6
258,ID015,1,FaceLeft,7
258,ID015,1,FaceRight,1
258,ID030,3,FaceLeft,6
258,ID030,3,FaceRight,4
258,ID030,0,FaceLeft,4
258,ID030,0,FaceRight,2
258,ID030,2,FaceLeft,6
258,ID030,2,FaceRight,0
258,ID030,1,FaceLeft,1
258,ID030,1,FaceRight,1
261,ID015,3,FaceLeft,3
261,ID015,3,FaceRight,1
261,ID015,2,FaceLeft,2
261,ID015,2,FaceRight,1
261,ID015,0,FaceLeft,4
261,ID015,0,FaceRight,1
261,ID015,1,FaceLeft,0
261,ID015,1,FaceRight,4
261,ID030,3,FaceLeft,2
261,ID030,3,FaceRight,2
261,ID030,0,FaceLeft,1
261,ID030,0,FaceRight,2
261,ID030,1,FaceLeft,0
261,ID030,1,FaceRight,0
261,ID030,2,FaceLeft,1
261,ID030,2,FaceRight,0
263,ID030,0,FaceLeft,0
263,ID030,0,FaceRight,2
263,ID030,2,FaceLeft,3
263,ID030,2,FaceRight,0
263,ID030,1,FaceLeft,3
263,ID030,1,FaceRight,5
263,ID030,3,FaceLeft,5
263,ID030,3,FaceRight,0
263,ID015,3,FaceLeft,1
263,ID015,3,FaceRight,2
263,ID015,2,FaceLeft,11
263,ID015,2,FaceRight,3
263,ID015,1,FaceLeft,5
263,ID015,1,FaceRight,3
263,ID015,0,FaceLeft,4
263,ID015,0,FaceRight,2
266,ID015,0,FaceLeft,3
266,ID015,0,FaceRight,6
266,ID015,2,FaceLeft,4
266,ID015,2,FaceRight,2
266,ID015,3,FaceLeft,1
266,ID015,3,FaceRight,4
266,ID015,1,FaceLeft,1
266,ID015,1,FaceRight,0
266,ID030,3,FaceRight,7
266,ID030,0,FaceLeft,2
266,ID030,0,FaceRight,0
266,ID030,2,FaceLeft,4
266,ID030,2,FaceRight,4
266,ID030,1,FaceLeft,0
266,ID030,1,FaceRight,4
267,ID015,1,FaceLeft,4
267,ID015,2,FaceLeft,1
267,ID015,2,FaceRight,6
267,ID015,3,FaceLeft,8
267,ID015,0,FaceLeft,6
267,ID015,0,FaceRight,1
267,ID030,2,FaceLeft,5
267,ID030,2,FaceRight,1
267,ID030,3,FaceLeft,12
267,ID030,3,FaceRight,23
267,ID030,0,FaceLeft,1
267,ID030,0,FaceRight,6
267,ID030,1,FaceLeft,4
267,ID030,1,FaceRight,10
268,ID030,3,FaceLeft,1
268,ID030,3,FaceRight,2
268,ID030,2,FaceLeft,3
268,ID030,2,FaceRight,2
268,ID030,0,FaceLeft,2
268,ID030,0,FaceRight,0
268,ID030,1,FaceLeft,1
268,ID030,1,FaceRight,1
268,ID015,3,FaceLeft,1
268,ID015,3,FaceRight,5
268,ID015,1,FaceLeft,3
268,ID015,1,FaceRight,3
268,ID015,0,FaceLeft,2
268,ID015,0,FaceRight,2
268,ID015,2,FaceLeft,1
268,ID015,2,FaceRight,4
269,ID030,1,FaceLeft,17
269,ID030,1,FaceRight,7
269,ID030,3,FaceLeft,10
269,ID030,3,FaceRight,15
269,ID030,0,FaceLeft,10
269,ID030,0,FaceRight,0
269,ID030,2,FaceLeft,6
269,ID030,2,FaceRight,10
269,ID015,1,FaceLeft,14
269,ID015,1,FaceRight,12
269,ID015,0,FaceLeft,6
269,ID015,0,FaceRight,2
269,ID015,3,FaceLeft,8
269,ID015,3,FaceRight,15
269,ID015,2,FaceLeft,7
270,ID015,0,FaceLeft,7
270,ID015,0,FaceRight,4
270,ID015,3,FaceLeft,1
270,ID015,3,FaceRight,11
270,ID015,2,FaceLeft,1
270,ID015,2,FaceRight,5
270,ID015,1,FaceLeft,1
270,ID015,1,FaceRight,12
270,ID030,3,FaceLeft,6
270,ID030,3,FaceRight,4
270,ID030,0,FaceLeft,3
270,ID030,0,FaceRight,0
270,ID030,1,FaceLeft,9
270,ID030,1,FaceRight,14
270,ID030,2,FaceLeft,2
270,ID030,2,FaceRight,1
271,ID015,2,FaceLeft,6
271,ID015,2,FaceRight,8
271,ID015,1,FaceLeft,3
271,ID015,1,FaceRight,8
271,ID015,0,FaceLeft,7
271,ID015,0,FaceRight,7
271,ID015,3,FaceLeft,6
271,ID015,3,FaceRight,2
271,ID030,1,FaceLeft,10
271,ID030,1,FaceRight,3
271,ID030,2,FaceLeft,8
271,ID030,2,FaceRight,0
271,ID030,0,FaceLeft,6
271,ID030,0,FaceRight,9
271,ID030,3,FaceLeft,13
271,ID030,3,FaceRight,3
272,ID030,3,FaceLeft,20
272,ID030,0,FaceLeft,10
272,ID030,0,FaceRight,2
272,ID030,1,FaceLeft,2
272,ID030,1,FaceRight,10
272,ID030,2,FaceLeft,10
272,ID030,2,FaceRight,8
272,ID015,2,FaceLeft,7
272,ID015,2,FaceRight,0
272,ID015,0,FaceLeft,1
272,ID015,0,FaceRight,7
272,ID015,1,FaceLeft,6
272,ID015,1,FaceRight,10
272,ID015,3,FaceLeft,3
276,ID030,0,FaceLeft,2
276,ID030,0,FaceRight,6
276,ID030,1,FaceLeft,4
276,ID030,1,FaceRight,12
276,ID030,2,FaceLeft,0
276,ID030,2,FaceRight,2
276,ID030,3,FaceRight,13
276,ID015,2,FaceLeft,4
276,ID015,2,FaceRight,11
276,ID015,0,FaceLeft,8
276,ID015,0,FaceRight,3
276,ID015,3,FaceLeft,7
276,ID015,3,FaceRight,6
276,ID015,1,FaceLeft,17
276,ID015,1,FaceRight,9
277,ID030,2,FaceLeft,17
277,ID030,2,FaceRight,19
277,ID030,0,FaceLeft,0
277,ID030,0,FaceRight,4
277,ID030,1,FaceLeft,11
277,ID030,1,FaceRight,1
277,ID030,3,FaceLeft,2
277,ID015,0,FaceLeft,2
277,ID015,0,FaceRight,1
277,ID015,3,FaceLeft,12
277,ID015,3,FaceRight,12
277,ID015,1,FaceLeft,5
277,ID015,1,FaceRight,4
277,ID015,2,FaceLeft,13
277,ID015,2,FaceRight,3
279,ID030,1,FaceLeft,3
279,ID030,1,FaceRight,8
279,ID030,2,FaceLeft,10
279,ID030,2,FaceRight,3
279,ID030,0,FaceLeft,5
279,ID030,0,FaceRight,4
279,ID030,3,FaceLeft,12
279,ID030,3,FaceRight,3
279,ID015,0,FaceLeft,1
279,ID015,0,FaceRight,9
279,ID015,3,FaceLeft,1
279,ID015,3,FaceRight,22
279,ID015,1,FaceLeft,19
279,ID015,1,FaceRight,8
279,ID015,2,FaceLeft,8
279,ID015,2,FaceRight,4
283,ID030,0,FaceLeft,1
283,ID030,0,FaceRight,1
283,ID030,3,FaceLeft,2
283,ID030,3,FaceRight,3
283,ID030,1,FaceLeft,0
283,ID030,1,FaceRight,0
283,ID030,2,FaceRight,2
283,ID015,3,FaceLeft,3
283,ID015,3,FaceRight,5
283,ID015,1,FaceLeft,4
283,ID015,1,FaceRight,1
283,ID015,2,FaceLeft,5
283,ID015,2,FaceRight,18
283,ID015,0,FaceLeft,5
283,ID015,0,FaceRight,4
284,ID015,0,FaceLeft,4
284,ID015,0,FaceRight,2
284,ID015,3,FaceLeft,10
284,ID015,3,FaceRight,5
284,ID015,2,FaceLeft,3
284,ID015,2,FaceRight,2
284,ID015,1,FaceLeft,5
284,ID015,1,FaceRight,1
284,ID030,0,FaceLeft,2
284,ID030,0,FaceRight,2
284,ID030,1,FaceLeft,1
284,ID030,1,FaceRight,2
284,ID030,3,FaceLeft,7
284,ID030,3,FaceRight,0
284,ID030,2,FaceLeft,4
284,ID030,2,FaceRight,3
287,ID030,3,FaceLeft,3
287,ID030,3,FaceRight,21
287,ID030,0,FaceLeft,3
287,ID030,0,FaceRight,7
287,ID030,1,FaceLeft,10
287,ID030,1,FaceRight,8
287,ID030,2,FaceLeft,7
287,ID030,2,FaceRight,12
287,ID015,1,FaceLeft,1
287,ID015,1,FaceRight,1
287,ID015,2,FaceLeft,1
287,ID015,2,FaceRight,5
287,ID015,0,FaceLeft,16
287,ID015,0,FaceRight,4
287,ID015,3,FaceLeft,1
287,ID015,3,FaceRight,12
291,ID030,1,FaceLeft,3
291,ID030,1,FaceRight,6
291,ID030,3,FaceLeft,0
291,ID030,3,FaceRight,1
291,ID030,2,FaceLeft,1
291,ID030,2,FaceRight,0
291,ID030,0,FaceLeft,3
291,ID030,0,FaceRight,1
291,ID015,0,FaceLeft,4
291,ID015,0,FaceRight,0
291,ID015,1,FaceLeft,1
291,ID015,1,FaceRight,1
291,ID015,2,FaceLeft,1
291,ID015,2,FaceRight,5
291,ID015,3,FaceLeft,5
291,ID015,3,FaceRight,1
293,ID030,2,FaceLeft,4
293,ID030,2,FaceRight,1
293,ID030,0,FaceLeft,1
293,ID030,0,FaceRight,0
293,ID030,3,FaceLeft,0
293,ID030,3,FaceRight,7
293,ID030,1,FaceLeft,1
293,ID030,1,FaceRight,11
293,ID015,1,FaceLeft,1
293,ID015,1,FaceRight,4
293,ID015,0,FaceLeft,1
293,ID015,0,FaceRight,1
293,ID015,3,FaceLeft,6
293,ID015,3,FaceRight,3
293,ID015,2,FaceLeft,1
293,ID015,2,FaceRight,1
295,ID030,0,FaceLeft,0
295,ID030,0,FaceRight,1
295,ID030,3,FaceLeft,4
295,ID030,3,FaceRight,1
295,ID030,1,FaceLeft,1
295,ID030,1,FaceRight,8
295,ID030,2,FaceLeft,5
295,ID030,2,FaceRight,2
295,ID015,1,FaceLeft,6
295,ID015,1,FaceRight,2
295,ID015,0,FaceRight,4
295,ID015,2,FaceLeft,2
295,ID015,2,FaceRight,4
295,ID015,3,FaceLeft,4
295,ID015,3,FaceRight,0
